Gênero,Idade_clinica,PROVAVEL_HAM/TSP,rs10748643,rs11188513,PCA_Hemacias,PCA_Plaquetas
1,0.4736842105263158,0,1,1,0.30217713528163076,-0.04593373584870609
1,0.5789473684210525,0,2,0,-0.1399901585411771,-0.23184536330339042
0,0.42105263157894735,0,1,1,-0.4673109962197007,0.16455858688863415
1,0.017543859649122806,0,1,2,0.09360613067386338,0.06808293896735323
1,0.6491228070175438,0,1,0,-0.11706108925920815,-0.35243992320499157
1,0.45614035087719296,0,2,2,-0.22077042553013596,-0.16825914080981894
1,0.22807017543859642,0,2,1,-0.5917031682334011,0.3965154099421117
1,0.49122807017543857,0,1,0,-0.06691563987100667,-0.20553382296122294
0,0.5087719298245613,0,1,0,-0.2462699954438538,0.04396402698703299
1,0.631578947368421,0,1,1,0.1993243527186527,0.665746915146993
1,0.6666666666666666,0,2,2,0.21360113952656534,-0.04593373584870609
0,0.7543859649122807,1,1,1,0.18543822526506495,0.2395697344937777
0,0.3157894736842105,0,1,1,-0.1321944297750702,-0.043741107486858805
1,0.49122807017543857,1,1,1,-0.053029512417418934,0.008881973197476257
1,0.5263157894736842,0,0,0,-0.11801336347142048,-0.47257269980425715
1,0.6666666666666666,0,0,0,0.21034504069042953,-0.17702965425720815
0,0.6666666666666666,1,1,1,-0.11962297304578325,-0.08101578963826275
1,0.33333333333333337,0,1,1,-0.10925962043615689,0.37020386959994417
1,0.49122807017543857,0,2,2,0.22396449213619174,0.20356411409954983
1,0.5263157894736842,0,1,1,0.18478088990291455,-0.09370977650701098
1,0.6140350877192983,1,2,0,0.08074547515145934,-0.17264439753351357
1,0.9649122807017544,0,2,2,0.225515260893702,0.08170049244077247
0,0.8245614035087719,0,2,0,-0.20138665387741997,0.2781134784023579
1,0.45614035087719296,0,1,1,-0.11923231369145837,0.10581940442109272
0,0.0,0,1,0,-0.2877635509038989,0.13778526324413104
0,0.49122807017543857,0,1,1,-0.21527278133100777,0.07950786407892521
0,0.9824561403508772,1,1,1,-0.16740001693626405,0.2189125126324809
0,0.5263157894736842,0,1,1,-0.32871172303495755,-0.3212813428367938
0,0.3508771929824561,0,0,0,0.17839555236537147,0.037847925203826675
1,0.9473684210526315,0,2,1,0.13566091244589654,0.14701755999385574
1,0.7017543859649124,0,0,0,0.2164354393779106,-0.1594886273624298
1,0.8947368421052632,0,1,1,0.19998168808080313,0.0027658714142699443
1,0.0,1,0,0,0.155115085654404,0.23864616788910656
0,0.8947368421052632,0,1,1,0.07380720670673858,0.001035026354758275
1,0.17543859649122806,1,0,0,0.14243116928081942,-0.21211170804676485
0,0.3508771929824561,0,1,1,-0.000692127199650034,-0.4484537878239369
1,0.3157894736842105,0,0,0,0.12404172992882188,-0.19018542442829192
1,0.22807017543859642,1,0,0,-0.19013560792937861,-0.10686554667809475
1,0.5789473684210525,1,2,1,0.09979224986560735,0.6981745572723668
0,0.7368421052631579,1,1,1,-0.08109670617465645,-0.22526747821784862
0,0.631578947368421,0,0,0,0.17744327815315922,0.026884783394590186
0,0.7719298245614034,1,1,1,0.2966483514520374,0.22329776935617554
0,0.19298245614035092,0,1,1,-0.2502116924843762,-0.08713189142146914
1,0.7368421052631579,0,2,0,0.10044958522775771,-0.17264439753351357
1,0.15789473684210525,1,1,1,0.16411876555745886,-0.05689687765794256
0,0.7017543859649124,1,2,1,0.0836294995554998,-0.021814823868385822
1,0.8947368421052632,0,0,0,0.0981826402912446,-0.09590240486885826
1,0.24561403508771928,0,1,1,-0.11574067847796281,-0.15729599900058253
1,0.12280701754385964,0,1,0,0.19445864430815415,0.03911698696100281
1,0.6140350877192983,0,1,0,0.45366351544303973,-0.210380862987253
1,0.5614035087719298,0,2,1,-0.15256161527046394,0.047887500408391986
0,0.6666666666666666,0,0,0,-0.31773490453966136,0.21498903921112186
0,0.8421052631578948,0,1,1,-0.18842453779380813,0.028615628454101944
1,0.36842105263157887,1,1,1,-0.13676519933550685,0.04615665534888027
0,0.33333333333333337,0,1,0,-0.6143147758800162,0.28249873512605245
1,0.9999999999999999,0,1,1,-0.15190427990831357,-0.13756234374395684
1,0.631578947368421,0,0,0,0.223573832781867,-0.22526747821784862
1,0.12280701754385964,0,1,0,0.09979224986560735,-0.18799279606644462
1,0.8947368421052632,1,1,1,0.23071222618582318,0.22987565444171737
1,0.4385964912280701,0,0,0,0.08429651283765678,-0.46864922638289824
1,0.5964912280701754,0,2,2,-0.14551894237077045,0.2693429649549687
1,0.2807017543859649,1,0,0,-0.08794016072855075,-0.19941772117801662
1,0.7894736842105262,1,1,1,0.1647761009196093,0.41624906519873733
1,0.719298245614035,0,1,1,-0.124761097521052,-0.03012355401343942
1,0.5964912280701754,1,0,0,-0.1593093493200955,-0.0941715598093465
1,0.8421052631578948,0,1,1,0.0782061141501757,-0.1002876615925529
1,0.6842105263157895,0,0,0,0.2575604697230229,-0.18187669428323822
1,0.22807017543859642,0,1,1,0.1307894639784534,0.14043967490831388
0,0.631578947368421,0,0,0,0.21482582980354784,-0.2910463290732674
1,0.8245614035087719,1,1,1,0.2912221606894418,0.1882157155666188
1,0.5263157894736842,0,1,1,0.030333349755431966,0.44429145060041636
1,0.5964912280701754,0,2,2,-0.14739522795295884,0.09704889097370355
1,0.719298245614035,0,1,1,-0.10024494145001218,-0.25988774870506964
1,0.26315789473684215,0,0,0,-0.21593011669315818,0.07419904075055957
0,0.36842105263157887,1,1,1,0.09979224986560735,-0.30374031594201545
0,0.5263157894736842,1,1,1,0.11532486658096826,-0.5383515506596759
0,0.8421052631578948,0,2,2,0.23331098965980862,-0.22919095163920752
0,0.45614035087719296,0,1,1,-0.06730629922533149,0.08343133750028428
0,0.719298245614035,0,0,0,-0.26666544378148394,-0.24061587675077967
1,0.719298245614035,1,0,0,0.12891317839626498,-0.10951995834227755
0,0.5087719298245613,0,0,0,-0.1567699883188121,-0.07836137797407995
1,0.5614035087719298,0,1,1,-0.15835707510788308,-0.26473478873109985
0,0.5087719298245613,0,1,1,-0.02237398341934446,0.1799069854215652
1,0.5263157894736842,0,0,0,-0.18421616474546032,0.46010163243568314
1,0.8596491228070174,1,1,1,0.8527649124647497,0.08781659422397883
0,0.05263157894736842,0,2,1,-0.608224377192535,0.34827758598147124
1,0.6666666666666666,0,2,1,0.34415871933469283,0.28734577515208254
1,0.3508771929824561,0,1,0,-0.19688334197901017,0.11239728950663458
1,0.6842105263157895,0,1,1,0.14928036389165875,-0.019622195506538556
