Gênero,Idade_clinica,rs10748643,rs11188513,PCA_Hemacias,PCA_Leucocitos,PROVAVEL_HAM/TSP
1,0.4736842105263158,1,1,0.3021771352816307,-0.0633016886145803,0
1,0.5789473684210525,2,0,-0.1399901585411771,0.5399575419228405,0
0,0.4210526315789473,1,1,-0.4673109962197007,0.4379854136654639,0
1,0.0175438596491228,1,2,0.0936061306738633,0.0880521534148889,0
1,0.6491228070175438,1,0,-0.1170610892592081,0.0880521534148889,0
1,0.4561403508771929,2,2,-0.2207704255301359,0.1116649415107067,0
1,0.2280701754385964,2,1,-0.5917031682334011,0.031563979851395,0
1,0.4912280701754385,1,0,-0.0669156398710066,0.2065306099766825,0
0,0.5087719298245613,1,0,-0.2462699954438538,0.0699414747538768,0
1,0.631578947368421,1,1,0.1993243527186527,-0.5882015789904433,0
1,0.6666666666666666,2,2,0.2136011395265653,-0.0869144767103985,0
0,0.7543859649122807,1,1,0.1854382252650649,-0.5498240840879616,1
0,0.3157894736842105,1,1,-0.1321944297750702,0.0880521534148889,0
1,0.4912280701754385,1,1,-0.0530295124174189,-0.1817801451763743,1
1,0.5263157894736842,0,0,-0.1180133634714204,0.2246412886376946,0
1,0.6666666666666666,0,0,0.2103450406904295,0.031563979851395,0
0,0.6666666666666666,1,1,-0.1196229730457832,0.4763629085679459,1
1,0.3333333333333333,1,1,-0.1092596204361568,-0.1998908238373864,0
1,0.4912280701754385,2,2,0.2239644921361917,0.031563979851395,0
1,0.5263157894736842,1,1,0.1847808899029145,-0.1817801451763743,0
1,0.6140350877192983,2,0,0.0807454751514593,-0.1252919716128804,1
1,0.9649122807017544,2,2,0.225515260893702,-0.4313456275261679,0
0,0.8245614035087719,2,0,-0.2013866538774199,0.031563979851395,0
1,0.4561403508771929,1,1,-0.1192323136914583,-0.3183692803991801,0
0,0.0,1,0,-0.2877635509038989,-0.0304263031469046,0
0,0.4912280701754385,1,1,-0.2152727813310077,-0.1434026502738924,0
0,0.9824561403508772,1,1,-0.167400016936264,0.2065306099766825,1
0,0.5263157894736842,1,1,-0.3287117230349575,-0.1434026502738924,0
0,0.3508771929824561,0,0,0.1783955523653714,0.031563979851395,0
1,0.9473684210526316,2,1,0.1356609124458965,0.2065306099766825,0
1,0.7017543859649124,0,0,0.2164354393779106,-0.5882015789904433,0
1,0.8947368421052632,1,1,0.1999816880808031,-0.0068135150510868,0
1,0.0,0,0,0.155115085654404,0.0496746585124071,1
0,0.8947368421052632,1,1,0.0738072067067385,-0.374857453962674,0
1,0.175438596491228,0,0,0.1424311692808194,0.1083189696563586,1
0,0.3508771929824561,1,1,-0.00069212719965,-0.2618811068356861,0
1,0.3157894736842105,0,0,0.1240417299288218,-0.2618811068356861,0
1,0.2280701754385964,0,0,-0.1901356079293786,0.1681531150742007,1
1,0.5789473684210525,2,1,0.0997922498656073,0.2065306099766825,1
0,0.7368421052631579,1,1,-0.0810967061746564,0.0880521534148889,1
0,0.631578947368421,0,0,0.1774432781531592,0.031563979851395,0
0,0.7719298245614034,1,1,0.2966483514520374,-0.1434026502738924,1
0,0.1929824561403509,1,1,-0.2502116924843762,-0.1434026502738924,0
1,0.7368421052631579,2,0,0.1004495852277577,0.1264296483173707,0
1,0.1578947368421052,1,1,0.1641187655574588,0.3431197451994882,1
0,0.7017543859649124,2,1,0.0836294995554998,-0.1998908238373864,1
1,0.8947368421052632,0,0,0.0981826402912446,0.106162832075901,0
1,0.2456140350877192,1,1,-0.1157406784779628,0.3996079187629822,0
1,0.1228070175438596,1,0,0.1944586443081541,0.0496746585124071,0
1,0.6140350877192983,1,0,0.4536635154430397,-0.1434026502738924,0
1,0.5614035087719298,2,1,-0.1525616152704639,0.1264296483173707,0
0,0.6666666666666666,0,0,-0.3177349045396613,-0.3183692803991801,0
0,0.8421052631578948,1,1,-0.1884245377938081,-0.1998908238373864,0
1,0.3684210526315788,1,1,-0.1367651993355068,0.031563979851395,1
0,0.3333333333333333,1,0,-0.6143147758800162,0.106162832075901,0
1,1.0,1,1,-0.1519042799083135,0.2630187835401764,0
1,0.631578947368421,0,0,0.223573832781867,0.0496746585124071,0
1,0.1228070175438596,1,0,0.0997922498656073,0.031563979851395,0
1,0.8947368421052632,1,1,0.2307122261858231,-0.5317134054269493,1
1,0.4385964912280701,0,0,0.0842965128376567,0.2065306099766825,0
1,0.5964912280701754,2,2,-0.1455189423707704,-0.3567467753016619,0
1,0.2807017543859649,0,0,-0.0879401607285507,0.2065306099766825,1
1,0.7894736842105262,1,1,0.1647761009196093,-0.1434026502738924,1
1,0.719298245614035,1,1,-0.124761097521052,-0.0249241937120989,0
1,0.5964912280701754,0,0,-0.1593093493200955,-0.300258601738168,1
1,0.8421052631578948,1,1,0.0782061141501757,0.031563979851395,0
1,0.6842105263157895,0,0,0.2575604697230229,0.3759951306671643,0
1,0.2280701754385964,1,1,0.1307894639784534,0.031563979851395,0
0,0.631578947368421,0,0,0.2148258298035478,0.5564638702272575,0
1,0.8245614035087719,1,1,0.2912221606894418,0.031563979851395,1
1,0.5263157894736842,1,1,0.0303333497554319,0.2065306099766825,0
1,0.5964912280701754,2,2,-0.1473952279529588,-0.5317134054269493,0
1,0.719298245614035,1,1,-0.1002449414500121,-0.1252919716128804,0
1,0.2631578947368421,0,0,-0.2159301166931581,-0.0485369818079167,0
0,0.3684210526315788,1,1,0.0997922498656073,0.0880521534148889,1
0,0.5263157894736842,1,1,0.1153248665809682,0.6129520437907514,1
0,0.8421052631578948,2,2,0.2333109896598086,-0.1434026502738924,0
0,0.4561403508771929,1,1,-0.0673062992253314,0.2065306099766825,0
0,0.719298245614035,0,0,-0.2666654437814839,-0.0304263031469046,0
1,0.719298245614035,0,0,0.1289131783962649,0.5745745488882696,1
0,0.5087719298245613,0,0,-0.1567699883188121,0.0699414747538768,0
1,0.5614035087719298,1,1,-0.158357075107883,-0.0068135150510868,0
0,0.5087719298245613,1,1,-0.0223739834193444,-0.3183692803991801,0
1,0.5263157894736842,0,0,-0.1842161647454603,0.031563979851395,0
1,0.8596491228070174,1,1,0.8527649124647497,-0.1817801451763743,1
0,0.0526315789473684,2,1,-0.608224377192535,-0.0068135150510868,0
1,0.6666666666666666,2,1,0.3441587193346928,-0.2382683187398682,0
1,0.3508771929824561,1,0,-0.1968833419790101,0.3996079187629822,0
1,0.6842105263157895,1,1,0.1492803638916587,-0.1434026502738924,0
