Gênero,Idade_clinica,Expression_CD39_Diplotypes,PCA_Hemacias,PCA_Leucocitos,PCA_Plaquetas,PROVAVEL_HAM/TSP
1,0.4736842105263158,2,0.3021771352816307,-0.0633016886145803,-0.045933735848706,0
1,0.5789473684210525,2,-0.1399901585411771,0.5399575419228405,-0.2318453633033904,0
0,0.4210526315789473,2,-0.4673109962197007,0.4379854136654639,0.1645585868886341,0
1,0.0175438596491228,3,0.0936061306738633,0.0880521534148889,0.0680829389673532,0
1,0.6491228070175438,3,-0.1170610892592081,0.0880521534148889,-0.3524399232049915,0
1,0.4561403508771929,1,-0.2207704255301359,0.1116649415107067,-0.1682591408098189,0
1,0.2280701754385964,1,-0.5917031682334011,0.031563979851395,0.3965154099421117,0
1,0.4912280701754385,3,-0.0669156398710066,0.2065306099766825,-0.2055338229612229,0
0,0.5087719298245613,3,-0.2462699954438538,0.0699414747538768,0.0439640269870329,0
1,0.631578947368421,2,0.1993243527186527,-0.5882015789904433,0.665746915146993,0
1,0.6666666666666666,1,0.2136011395265653,-0.0869144767103985,-0.045933735848706,0
0,0.7543859649122807,2,0.1854382252650649,-0.5498240840879616,0.2395697344937777,1
0,0.3157894736842105,2,-0.1321944297750702,0.0880521534148889,-0.0437411074868588,0
1,0.4912280701754385,2,-0.0530295124174189,-0.1817801451763743,0.0088819731974762,1
1,0.5263157894736842,3,-0.1180133634714204,0.2246412886376946,-0.4725726998042571,0
1,0.6666666666666666,3,0.2103450406904295,0.031563979851395,-0.1770296542572081,0
0,0.6666666666666666,2,-0.1196229730457832,0.4763629085679459,-0.0810157896382627,1
1,0.3333333333333333,2,-0.1092596204361568,-0.1998908238373864,0.3702038695999441,0
1,0.4912280701754385,1,0.2239644921361917,0.031563979851395,0.2035641140995498,0
1,0.5263157894736842,2,0.1847808899029145,-0.1817801451763743,-0.0937097765070109,0
1,0.6140350877192983,2,0.0807454751514593,-0.1252919716128804,-0.1726443975335135,1
1,0.9649122807017544,1,0.225515260893702,-0.4313456275261679,0.0817004924407724,0
0,0.8245614035087719,2,-0.2013866538774199,0.031563979851395,0.2781134784023579,0
1,0.4561403508771929,2,-0.1192323136914583,-0.3183692803991801,0.1058194044210927,0
0,0.0,3,-0.2877635509038989,-0.0304263031469046,0.137785263244131,0
0,0.4912280701754385,2,-0.2152727813310077,-0.1434026502738924,0.0795078640789252,0
0,0.9824561403508772,2,-0.167400016936264,0.2065306099766825,0.2189125126324809,1
0,0.5263157894736842,2,-0.3287117230349575,-0.1434026502738924,-0.3212813428367938,0
0,0.3508771929824561,3,0.1783955523653714,0.031563979851395,0.0378479252038266,0
1,0.9473684210526316,1,0.1356609124458965,0.2065306099766825,0.1470175599938557,0
1,0.7017543859649124,3,0.2164354393779106,-0.5882015789904433,-0.1594886273624298,0
1,0.8947368421052632,2,0.1999816880808031,-0.0068135150510868,0.0027658714142699,0
1,0.0,3,0.155115085654404,0.0496746585124071,0.2386461678891065,1
0,0.8947368421052632,2,0.0738072067067385,-0.374857453962674,0.0010350263547582,0
1,0.175438596491228,3,0.1424311692808194,0.1083189696563586,-0.2121117080467648,1
0,0.3508771929824561,2,-0.00069212719965,-0.2618811068356861,-0.4484537878239369,0
1,0.3157894736842105,3,0.1240417299288218,-0.2618811068356861,-0.1901854244282919,0
1,0.2280701754385964,3,-0.1901356079293786,0.1681531150742007,-0.1068655466780947,1
1,0.5789473684210525,1,0.0997922498656073,0.2065306099766825,0.6981745572723668,1
0,0.7368421052631579,2,-0.0810967061746564,0.0880521534148889,-0.2252674782178486,1
0,0.631578947368421,3,0.1774432781531592,0.031563979851395,0.0268847833945901,0
0,0.7719298245614034,2,0.2966483514520374,-0.1434026502738924,0.2232977693561755,1
0,0.1929824561403509,2,-0.2502116924843762,-0.1434026502738924,-0.0871318914214691,0
1,0.7368421052631579,2,0.1004495852277577,0.1264296483173707,-0.1726443975335135,0
1,0.1578947368421052,2,0.1641187655574588,0.3431197451994882,-0.0568968776579425,1
0,0.7017543859649124,1,0.0836294995554998,-0.1998908238373864,-0.0218148238683858,1
1,0.8947368421052632,3,0.0981826402912446,0.106162832075901,-0.0959024048688582,0
1,0.2456140350877192,2,-0.1157406784779628,0.3996079187629822,-0.1572959990005825,0
1,0.1228070175438596,3,0.1944586443081541,0.0496746585124071,0.0391169869610028,0
1,0.6140350877192983,3,0.4536635154430397,-0.1434026502738924,-0.210380862987253,0
1,0.5614035087719298,1,-0.1525616152704639,0.1264296483173707,0.0478875004083919,0
0,0.6666666666666666,3,-0.3177349045396613,-0.3183692803991801,0.2149890392111218,0
0,0.8421052631578948,2,-0.1884245377938081,-0.1998908238373864,0.0286156284541019,0
1,0.3684210526315788,2,-0.1367651993355068,0.031563979851395,0.0461566553488802,1
0,0.3333333333333333,3,-0.6143147758800162,0.106162832075901,0.2824987351260524,0
1,1.0,2,-0.1519042799083135,0.2630187835401764,-0.1375623437439568,0
1,0.631578947368421,3,0.223573832781867,0.0496746585124071,-0.2252674782178486,0
1,0.1228070175438596,3,0.0997922498656073,0.031563979851395,-0.1879927960664446,0
1,0.8947368421052632,2,0.2307122261858231,-0.5317134054269493,0.2298756544417173,1
1,0.4385964912280701,3,0.0842965128376567,0.2065306099766825,-0.4686492263828982,0
1,0.5964912280701754,1,-0.1455189423707704,-0.3567467753016619,0.2693429649549687,0
1,0.2807017543859649,3,-0.0879401607285507,0.2065306099766825,-0.1994177211780166,1
1,0.7894736842105262,2,0.1647761009196093,-0.1434026502738924,0.4162490651987373,1
1,0.719298245614035,2,-0.124761097521052,-0.0249241937120989,-0.0301235540134394,0
1,0.5964912280701754,3,-0.1593093493200955,-0.300258601738168,-0.0941715598093465,1
1,0.8421052631578948,2,0.0782061141501757,0.031563979851395,-0.1002876615925529,0
1,0.6842105263157895,3,0.2575604697230229,0.3759951306671643,-0.1818766942832382,0
1,0.2280701754385964,2,0.1307894639784534,0.031563979851395,0.1404396749083138,0
0,0.631578947368421,3,0.2148258298035478,0.5564638702272575,-0.2910463290732674,0
1,0.8245614035087719,2,0.2912221606894418,0.031563979851395,0.1882157155666188,1
1,0.5263157894736842,2,0.0303333497554319,0.2065306099766825,0.4442914506004163,0
1,0.5964912280701754,1,-0.1473952279529588,-0.5317134054269493,0.0970488909737035,0
1,0.719298245614035,2,-0.1002449414500121,-0.1252919716128804,-0.2598877487050696,0
1,0.2631578947368421,3,-0.2159301166931581,-0.0485369818079167,0.0741990407505595,0
0,0.3684210526315788,2,0.0997922498656073,0.0880521534148889,-0.3037403159420154,1
0,0.5263157894736842,2,0.1153248665809682,0.6129520437907514,-0.5383515506596759,1
0,0.8421052631578948,1,0.2333109896598086,-0.1434026502738924,-0.2291909516392075,0
0,0.4561403508771929,2,-0.0673062992253314,0.2065306099766825,0.0834313375002842,0
0,0.719298245614035,3,-0.2666654437814839,-0.0304263031469046,-0.2406158767507796,0
1,0.719298245614035,3,0.1289131783962649,0.5745745488882696,-0.1095199583422775,1
0,0.5087719298245613,3,-0.1567699883188121,0.0699414747538768,-0.0783613779740799,0
1,0.5614035087719298,2,-0.158357075107883,-0.0068135150510868,-0.2647347887310998,0
0,0.5087719298245613,2,-0.0223739834193444,-0.3183692803991801,0.1799069854215652,0
1,0.5263157894736842,3,-0.1842161647454603,0.031563979851395,0.4601016324356831,0
1,0.8596491228070174,2,0.8527649124647497,-0.1817801451763743,0.0878165942239788,1
0,0.0526315789473684,1,-0.608224377192535,-0.0068135150510868,0.3482775859814712,0
1,0.6666666666666666,1,0.3441587193346928,-0.2382683187398682,0.2873457751520825,0
1,0.3508771929824561,3,-0.1968833419790101,0.3996079187629822,0.1123972895066345,0
1,0.6842105263157895,2,0.1492803638916587,-0.1434026502738924,-0.0196221955065385,0
